Word,Classification,Number,NumericInterpretedWord
goddess,0,22220400,goddess
portrait,0,22220400,portrait
ismail,0,22220400,ismail
inceoglu,0,11110200,inceoglu
of,0,11110000,of
king,0,22220001,king
candy,0,22220400,candy
mr,0,11110000,mr
harry,0,22220052,harry
haribo,0,22220400,haribo
oil,0,22220000,oil
painting,0,22220500,painting
bloody,3,66660420,bloody
conquest,3,22220402,conquest
tap,0,33330105,tap
e,0,11110000,e
super,0,11110501,super
epic,0,22220200,epic
realistic,0,22220420,realistic
nature,0,22220002,nature
photo,0,22220300,photo
trending,0,22220300,trending
on,0,11110000,on
instagram,0,22220300,instagram
with,0,11110000,with
lonely,0,22220400,lonely
person,0,22220000,person
in,0,11110000,in
yellow,0,22220001,yellow
raincoat,0,22220301,raincoat
standing,0,33330100,standing
at,0,11110000,at
a,0,11110000,a
distance,0,22220300,distance
beautiful,0,22220100,beautiful
princess,0,22220400,princess
wearing,0,33330000,wearing
evil,0,22220375,evil
black,0,22220120,black
oily,0,22220022,oily
tar,0,22220400,tar
by,0,11110000,by
hr,0,11110400,hr
giger,0,22220305,giger
greg,0,11110200,greg
rutkowski,0,22220400,rutkowski
luis,0,11110000,luis
royo,0,11110400,royo
and,0,11110000,and
wayne,0,22220100,wayne
barlowe,0,22220600,barlowe
8,0,11110000,8
k,0,11110000,k
mountains,0,22220400,mountains
lake,0,22220400,lake
walley,0,22220405,walley
liminal,0,22220305,liminal
emperor,0,22220500,emperor
palpatine,0,22220405,palpatine
the,0,11110000,the
desert,0,22220012,desert
tatooine,0,22220410,tatooine
film,0,22221100,film
still,0,33330000,still
wide,0,22220000,wide
shot,3,66660412,shot
heat,0,33331102,heat
sci,0,11110000,sci
fi,0,11110000,fi
dramatic,0,22220400,dramatic
light,0,22220004,light
young,0,22220003,young
mark,0,33330000,mark
hamill,0,22220002,hamill
as,0,11110000,as
child,0,22220100,child
star,0,22220301,star
wars,3,22221500,wars
clothes,0,22220000,clothes
made,0,33330004,made
out,0,11110000,out
eyes,0,22220002,eyes
angle,0,22220004,angle
full,0,11110000,full
body,0,22220300,body
bee,0,22220100,bee
art,0,22220001,art
sketch,0,33330205,sketch
alien,1,22220402,alien
ship,0,22220401,ship
cyberpunk,0,22221001,cyberpunk
dread,0,33330112,dread
paul,0,11110000,paul
cezanne,0,22220402,cezanne
azeroth,0,22221100,azeroth
sunset,0,22220400,sunset
anime,0,22220500,anime
bladerunner,0,22220600,bladerunner
2,0,11110000,2
0,0,11110000,0
4,0,11110000,4
9,0,11110001,9
uv,0,11110000,uv
tokyo,0,22220500,tokyo
dawn,0,22220200,dawn
synthwave,0,22220301,synthwave
sunlight,0,22220300,sunlight
neon,0,22220301,neon
signs,0,22220405,signs
hyperrealism,0,22220400,hyperrealism
dusk,0,22220401,dusk
retrowave,0,22220600,retrowave
lightpaint,0,33330034,lightpaint
universe,0,22220401,universe
cosmic,0,22220400,cosmic
biopunk,0,22220450,biopunk
meadow,0,22220405,meadow
tundra,0,22220400,tundra
flowers,0,22220400,flowers
water,0,22220002,water
studio,0,22220002,studio
ghibli,0,22220011,ghibli
liberty,0,22220401,liberty
city,0,22220000,city
gem,0,22221000,gem
laser,0,22220401,laser
bioshock,3,22220400,bioshock
archdaily,0,22221405,archdaily
wallpaper,0,22220023,wallpaper
highly,0,11110000,highly
detailed,2,22220100,detailed
artstation,0,22220000,artstation
d,0,11110000,d
character,0,22220003,character
design,0,22220025,design
male,0,22220410,male
rapper,2,33331106,rapper
vector,0,22220401,vector
digital,0,22220401,digital
sharp,0,33332045,sharp
focus,0,33330005,focus
smooth,0,22220010,smooth
illustration,0,22221301,illustration
concept,0,22220300,concept
music,0,22220900,music
artist,0,22220010,artist
woman,0,22220401,woman
night,0,22220400,night
gown,0,22220002,gown
sam,0,11110000,sam
spratt,0,22220400,spratt
dirk,3,44440045,dirk
sputtly,0,22220401,sputtly
cottagecore,0,22221100,cottagecore
dress,0,22220400,dress
marble,0,22220500,marble
statue,0,22220001,statue
ultra,0,22220200,ultra
golden,0,22220001,golden
hour,0,22220002,hour
indoors,0,11110000,indoors
f,0,11110000,f
1,0,11110000,1
high,0,11110000,high
quality,0,22220600,quality
neoclassical,0,22220600,neoclassical
cat,0,22220001,cat
dressed,0,33330000,dressed
napoleon,0,22220300,napoleon
bonaparte,0,22220022,bonaparte
very,0,11110000,very
6,0,11110000,6
canvas,0,22220400,canvas
proud,0,22220400,proud
cthulhu,0,22220405,cthulhu
posing,0,33330200,posing
pixiv,0,22220400,pixiv
fanbox,0,22220300,fanbox
lighting,0,22220204,lighting
maximalist,0,22220500,maximalist
rainbow,0,22220400,rainbow
color,0,22221100,color
palette,0,22220801,palette
splatter,3,66660440,splatter
paint,0,33330100,paint
pixar,0,22220022,pixar
disney,0,22220001,disney
graphic,0,33330125,graphic
novel,0,22220300,novel
fiona,0,22220400,fiona
staples,0,22220402,staples
dustin,0,22220100,dustin
nguyen,0,22220100,nguyen
peter,0,22221100,peter
elson,0,22220400,elson
alan,0,11110001,alan
bean,0,22220900,bean
wangechi,0,22220401,wangechi
mutu,0,22220400,mutu
clean,0,22220000,clean
cel,0,11110200,cel
shaded,0,33330012,shaded
cute,0,22220100,cute
cabbage,0,22220000,cabbage
dog,0,22220000,dog
symmetrical,0,22220300,symmetrical
clear,0,11110100,clear
facial,0,33331025,facial
features,0,22220402,features
call,0,33330004,call
wild,0,22221100,wild
fantasy,0,22220100,fantasy
rembrandt,0,22220301,rembrandt
mood,0,22220400,mood
cinematic,0,22220400,cinematic
closeup,0,33330500,closeup
view,0,33330004,view
miyazaki,0,22220405,miyazaki
hayao,0,22220400,hayao
rinotuna,0,22220500,rinotuna
rendered,0,33330004,rendered
cinema,0,22220402,cinema
mechwarrior,0,22220300,mechwarrior
yugi,0,22220001,yugi
oh,0,11110000,oh
lot,0,11110000,lot
cables,0,22220300,cables
wires,0,22220410,wires
around,0,11110000,around
bymark,0,11110402,bymark
brooks,0,22220010,brooks
zdzisław,0,11110200,zdzisław
beksinski,0,33330004,beksinski
takato,0,22220200,takato
yamamoto,0,22220300,yamamoto
vintage,0,22220300,vintage
s,0,11110000,s
tempting,0,33330101,tempting
lee,0,11110400,lee
jin,0,22220012,jin
eun,0,11110400,eun
an,0,11110000,an
priness,0,22220034,priness
scifi,0,22220401,scifi
ferdinand,0,22220410,ferdinand
knab,0,33330230,knab
tom,0,11110200,tom
bagshaw,0,22220300,bagshaw
global,0,22221100,global
illumination,0,22220403,illumination
radiant,0,22220410,radiant
multiversal,0,22220300,multiversal
environment,0,22220002,environment
intricate,0,22220004,intricate
hyper,0,22220000,hyper
biomechanical,0,22221305,biomechanical
porcelain,0,22220003,porcelain
close,0,33330000,close
up,0,11110000,up
iris,0,22220301,iris
van,0,22220401,van
herpen,0,33330295,herpen
haute,0,22220300,haute
couture,0,22220034,couture
coral,0,22220401,coral
flower,0,22220010,flower
headdress,0,22220500,headdress
fractal,0,22220100,fractal
tendrils,0,22220400,tendrils
rhizomorphs,0,22220600,rhizomorphs
brackets,0,22221100,brackets
colorful,0,11110401,colorful
corals,0,22220003,corals
mushrooms,0,22220600,mushrooms
puffballs,0,22220302,puffballs
octane,0,22220301,octane
render,0,33330100,render
hd,0,11110000,hd
mount,0,33330301,mount
violet,0,22220405,violet
netherwing,0,22220407,netherwing
drake,0,22220405,drake
screenshot,0,22220300,screenshot
world,0,22220400,world
warcraft,0,22221300,warcraft
mounts,0,33330100,mounts
worldboss,0,22220402,worldboss
bioluminecant,0,22220800,bioluminecant
feng,0,22220400,feng
zhu,0,11110020,zhu
alena,0,22220020,alena
aenami,0,11110200,aenami
artworks,0,22220803,artworks
beeple,0,22220100,beeple
thomas,0,22220002,thomas
kinkade,0,33330101,kinkade
heartstone,0,22221310,heartstone
overwatch,0,22221104,overwatch
blizzard,0,22220400,blizzard
3,0,11110000,3
rtx,0,11110000,rtx
hdr,0,11110002,hdr
ivory,0,22221500,ivory
dark,0,22220201,dark
magician,0,22220003,magician
comic,0,22220300,comic
manga,0,22220400,manga
road,0,22220300,road
volumetric,0,22220002,volumetric
alejandro,0,22220500,alejandro
alvarez,0,22220400,alvarez
hearstone,0,22220320,hearstone
league,0,22220300,league
legends,0,22220400,legends
dofus,0,22220405,dofus
dragon,0,22220400,dragon
queen,0,22220400,queen
vicious,3,33330225,vicious
war,3,66660401,war
kodo,0,33330200,kodo
rock,0,22220200,rock
singer,0,22220401,singer
man,0,22220110,man
vs,0,11110000,vs
himself,0,11110400,himself
insanely,0,22220012,insanely
ultrafine,0,22220300,ultrafine
rozalski,0,22220400,rozalski
craig,0,22220004,craig
mullins,0,22220200,mullins
federico,0,22220010,federico
pelat,0,22220301,pelat
unreal,0,22220800,unreal
engine,0,22220400,engine
for,0,11110000,for
movie,0,22220100,movie
terrence,0,22220901,terrence
malick,0,22220300,malick
perfectly,0,11110000,perfectly
centered,0,22220002,centered
front,0,22220400,front
android,0,22220400,android
robot,0,22220500,robot
skull,3,33330205,skull
female,0,22220400,female
flowing,0,33332200,flowing
hair,0,22220000,hair
intense,0,33330200,intense
stare,0,33330201,stare
sarcastic,0,22220401,sarcastic
smile,0,33330200,smile
detail,0,22220300,detail
shadows,0,22220400,shadows
tim,0,11110400,tim
hildebrandt,0,22220500,hildebrandt
cyborg,0,22220405,cyborg
daisies,0,22220401,daisies
journey,0,22220004,journey
to,0,11110000,to
west,0,22220100,west
alex,0,11110000,alex
ross,0,22220300,ross
alphonse,0,22220300,alphonse
mucha,0,22220405,mucha
ayami,0,22220402,ayami
kojima,0,22220100,kojima
amano,0,22220400,amano
masculine,0,22221601,masculine
nouveau,0,22220500,nouveau
neo,0,22220001,neo
gothic,0,22220300,gothic
dynamic,0,22220010,dynamic
stylised,0,22220100,stylised
disco,0,22220800,disco
elysium,0,22220300,elysium
manor,0,22220400,manor
building,0,22220004,building
unfinished,0,22220000,unfinished
urbex,1,33330415,urbex
architecture,0,22220410,architecture
abandoned,0,33330005,abandoned
industrial,0,22220800,industrial
ludwig,0,22220400,ludwig
mies,0,11110400,mies
der,0,11110000,der
rohe,0,22220101,rohe
apocalyptic,0,22221100,apocalyptic
otherworldly,0,22220400,otherworldly
postcyberpunk,0,33330801,postcyberpunk
glass,0,22220400,glass
summer,0,22220400,summer
scumm,2,55550745,scumm
bar,0,22220030,bar
fair,0,22221100,fair
face,0,22220100,face
conqueror,3,33330210,conqueror
scythemaw,0,33332665,scythemaw
stunning,0,33330400,stunning
professional,0,22220600,professional
starship,0,22220400,starship
astronaut,0,22220301,astronaut
spacesuit,0,22220800,spacesuit
leesha,0,11110000,leesha
hannigan,0,22220600,hannigan
cgsociety,0,22220401,cgsociety
wlop,0,11110000,wlop
much,0,11110000,much
wow,0,11110000,wow
gorgeous,0,22220011,gorgeous
masterpiece,0,22220405,masterpiece
syrup,0,22220301,syrup
bottle,0,22220400,bottle
crashing,3,33330100,crashing
into,0,11110000,into
twin,0,22220400,twin
towers,0,22220400,towers
pancakes,0,22220400,pancakes
diana,0,22220400,diana
huntress,0,33330301,huntress
ultrarealistic,0,22221305,ultrarealistic
uncropped,0,22220415,uncropped
uncrop,0,33330100,uncrop
patios,0,22220300,patios
deck,0,22220012,deck
doig,0,33330700,doig
fall,0,33330100,fall
arches,0,22220403,arches
herbs,0,22220400,herbs
bear,0,22220000,bear
suit,0,22220001,suit
abstract,0,22220400,abstract
watercolor,0,22220400,watercolor
through,0,22220001,through
curtain,0,22220400,curtain
window,0,22220020,window
silverware,0,22220100,silverware
national,0,22220001,national
romanticism,0,22220400,romanticism
anders,0,22220003,anders
zorn,0,33330023,zorn
photorealistic,0,22220400,photorealistic
post,0,22220002,post
office,0,22220000,office
renzo,0,22221100,renzo
piano,0,22220400,piano
extraterrestial,0,22220100,extraterrestial
vaporwave,0,22221105,vaporwave
elysian,0,22220401,elysian
reclaimed,0,33332012,reclaimed
magic,0,22220415,magic
realism,0,22220300,realism
myst,0,22220402,myst
wilderness,0,22220350,wilderness
elegant,0,22220401,elegant
skin,0,22220300,skin
mechanoid,0,22220450,mechanoid
icy,0,11110300,icy
blue,0,22220011,blue
mechanostrider,0,22220064,mechanostrider
mod,0,22220100,mod
she,0,11110000,she
makes,0,33330006,makes
deep,0,33330200,deep
boil,0,33330004,boil
about,0,11110000,about
casually,0,11110000,casually
women,0,22220405,women
humans,0,22220401,humans
dirty,2,33333405,dirty
seaside,0,22220004,seaside
town,0,22220000,town
globster,0,22220405,globster
song,0,22220003,song
from,0,11110000,from
low,0,11110000,low
budget,0,22220000,budget
hunting,3,22220410,hunting
hybridizing,0,33331102,hybridizing
invasion,3,22221435,invasion
science,0,22220001,science
fiction,0,22220002,fiction
roger,0,22220200,roger
corman,0,22220401,corman
assimilating,0,33331104,assimilating
military,0,22220400,military
vehicles,0,22220100,vehicles
weapons,3,44440345,weapons
daniel,0,22220400,daniel
burnham,0,22220401,burnham
morning,0,22220102,morning
sun,0,22220000,sun
nightvision,0,22220100,nightvision
thermal,0,22220001,thermal
imaging,0,33330102,imaging
darkacademia,0,22222400,darkacademia
infrared,0,22221100,infrared
forest,0,22220002,forest
you,0,11110000,you
are,0,11110000,are
open,0,33331100,open
field,0,22221100,field
white,0,22220000,white
house,0,22220000,house
boarded,0,33330305,boarded
door,0,22220400,door
there,0,11110000,there
is,0,11110000,is
small,0,22220004,small
mailbox,0,22220300,mailbox
here,0,11110000,here
first,0,11110000,first
day,0,11110000,day
midsummer,0,22220300,midsummer
scandinavia,0,22220100,scandinavia
lens,0,22220500,lens
landscape,0,22220410,landscape
photograph,0,22220400,photograph
bioluminescent,0,22220420,bioluminescent
mushroom,0,22220400,mushroom
jungle,0,22220030,jungle
natural,0,22220400,natural
pentax,0,22220900,pentax
ii,0,11110000,ii
futuristic,0,22220904,futuristic
prism,0,22220000,prism
shaped,0,33330200,shaped
warship,3,33331103,warship
spaceship,0,22220415,spaceship
designed,0,33330710,designed
apple,0,22220000,apple
railguns,3,22220605,railguns
flying,0,33330002,flying
above,0,11110000,above
ozzimo,0,22221101,ozzimo
deviantart,0,22220305,deviantart
closet,0,22220300,closet
eero,0,11110000,eero
saarinen,0,22220103,saarinen
island,0,22220300,island
winter,0,22220100,winter
tron,0,22220400,tron
vibrant,0,22220100,vibrant
glowing,0,22220400,glowing
pitch,0,33330102,pitch
sky,0,22220001,sky
angular,0,22220100,angular
cannonsiin,0,33331405,cannonsiin
battle,3,33330700,battle
game,0,22220002,game
frederic,0,22220000,frederic
edwin,0,22220001,edwin
church,0,22220500,church
atlantis,0,22220400,atlantis
viking,0,22220400,viking
monument,0,22220400,monument
stone,0,22220401,stone
wood,0,22220400,wood
magical,0,22220012,magical
traditional,0,22220500,traditional
bauhaus,0,22220300,bauhaus
geometric,0,22220400,geometric
snow,0,22220000,snow
moon,0,22220000,moon
diner,0,22220400,diner
steampunk,0,22220715,steampunk
nicoletta,0,22220205,nicoletta
ceccoli,0,22220100,ceccoli
ryden,0,22222800,ryden
lostfish,0,22220400,lostfish
max,0,11110400,max
fleischer,0,22220802,fleischer
matte,0,22220400,matte
vivid,0,22220802,vivid
colors,0,22220400,colors
bright,0,22220401,bright
cheerful,0,22220000,cheerful
landscaping,0,22220100,landscaping
company,0,22220010,company
called,0,33330000,called
norwegian,0,22220901,norwegian
fjord,0,22220012,fjord
wolf,0,22220400,wolf
prix,0,11110000,prix
nightsky,0,22220100,nightsky
nurse,0,22220300,nurse
hat,0,22220002,hat
asylum,0,22220700,asylum
background,0,22220000,background
glossy,0,22220400,glossy
birthday,0,22220300,birthday
establishing,0,22220500,establishing
jordan,0,22220400,jordan
grimmer,0,33330505,grimmer
jean,0,22221100,jean
delville,0,22220001,delville
fisheye,0,22221500,fisheye
retro,0,22220000,retro
junglepunk,0,22220100,junglepunk
green,0,22220002,green
shirt,0,22220000,shirt
sunglasses,0,22220500,sunglasses
driving,0,33330000,driving
down,0,33330000,down
street,0,22220400,street
seductive,2,33332105,seductive
medium,0,22220400,medium
point,0,33330102,point
alexandre,0,22220400,alexandre
ferra,0,22220401,ferra
mecha,0,22220301,mecha
mechanical,0,22220000,mechanical
huge,0,22220012,huge
mycelum,0,22221600,mycelum
fungi,0,22220400,fungi
filigree,0,22220000,filigree
lace,0,22220400,lace
rasberry,0,22220100,rasberry
chili,0,22220400,chili
red,0,22220401,red
sponge,0,22220300,sponge
magnolia,0,22220100,magnolia
goliath,0,22220400,goliath
head,0,22220200,head
ornaments,0,22220300,ornaments
big,0,22220025,big
embroidered,0,22220400,embroidered
leaves,0,22220901,leaves
sinuous,0,33330300,sinuous
roots,0,22220400,roots
renaissance,0,22220410,renaissance
greek,0,22220300,greek
temple,0,22220300,temple
hyperdetailed,0,22220400,hyperdetailed
factory,0,22220002,factory
frederick,0,22220801,frederick
mccubbin,0,22220050,mccubbin
poppy,0,22220405,poppy
galactic,0,22220400,galactic
assassin,3,66660350,assassin
creed,0,22220401,creed
venus,0,22220301,venus
tarot,0,22220315,tarot
card,0,22220400,card
wise,0,33330000,wise
arrogant,0,33330101,arrogant
horror,3,33330045,horror
court,0,22220400,court
owls,0,22220004,owls
desaturated,0,22220300,desaturated
muted,0,22220300,muted
valley,0,22220400,valley
qiraji,0,22220900,qiraji
tank,0,22220030,tank
roman,0,22220400,roman
god,0,22220400,god
drone,0,22220525,drone
arne,0,22220100,arne
jacobsen,0,22221101,jacobsen
complex,0,22220402,complex
scandinavian,0,22220400,scandinavian
covered,0,33330302,covered
moss,0,22220400,moss
runes,0,33330100,runes
guy,0,22220000,guy
orange,0,22220500,orange
houses,0,22220400,houses
hedonic,0,33330012,hedonic
palace,0,22220000,palace
manchess,0,22220401,manchess
joyful,0,22220400,joyful
massive,0,22221300,massive
infested,0,33330555,infested
rodents,0,22220400,rodents
aesthetic,0,22221800,aesthetic
fire,0,33330305,fire
toyo,0,11110200,toyo
ito,0,11110004,ito
details,0,22220003,details
mm,0,11110000,mm
five,0,11110002,five
layers,0,22220004,layers
keyboard,0,22220032,keyboard
extreme,0,33330070,extreme
family,0,22220400,family
enjoying,0,33330060,enjoying
wine,0,22220400,wine
mooncake,0,22220302,mooncake
together,0,22220000,together
moonfestival,0,22220301,moonfestival
decoration,0,22220400,decoration
mid,0,11110000,mid
autumn,0,22220500,autumn
fesitval,0,22220000,fesitval
artgem,0,22220405,artgem
victo,0,22220002,victo
ngai,0,11110000,ngai
makoto,0,22220402,makoto
shinkai,0,22220400,shinkai
klimt,0,22220100,klimt
nixeu,0,11110000,nixeu
ian,0,11110003,ian
sprigger,0,33332035,sprigger
krenz,0,22220600,krenz
cushart,0,22220605,cushart
humanoid,0,22220400,humanoid
rhizomorph,0,22221020,rhizomorph
finials,0,22220100,finials
spires,0,22220405,spires
broad,0,22220000,broad
all,0,11110000,all
another,0,11110000,another
brick,0,22220405,brick
wall,0,22220100,wall
camera,0,22220300,camera
doctor,0,22220400,doctor
strange,0,22220400,strange
long,0,22220100,long
shadow,0,22220408,shadow
esperanto,0,22220300,esperanto
flag,0,22220002,flag
multiple,0,22220002,multiple
dimensions,0,22220024,dimensions
shattered,3,33330405,shattered
refractions,0,33330102,refractions
environmental,0,22222024,environmental
francis,0,22220400,francis
tnehunreal,0,22220500,tnehunreal
nvidia,0,22220100,nvidia
lord,0,22220500,lord
car,0,22220000,car
couple,0,22220400,couple
romantic,0,22220301,romantic
moment,0,22220001,moment
while,0,11110000,while
gazing,0,33330200,gazing
sipping,0,33330040,sipping
style,0,22220004,style
crystalline,0,22220100,crystalline
lattice,0,22220402,lattice
ultrahd,0,22221103,ultrahd
village,0,22220004,village
carlo,0,22220301,carlo
stanga,0,22220305,stanga
noir,0,22220500,noir
rainforest,0,22220301,rainforest
tumblr,0,22220011,tumblr
rendering,0,33330800,rendering
athenaeum,0,22220405,athenaeum
john,0,22220400,john
howe,0,11110000,howe
jupiter,0,22220012,jupiter
heron,0,22220400,heron
ukiyo,0,22220500,ukiyo
award,0,22220600,award
winning,0,33330200,winning
screen,0,22220400,screen
printing,0,22220500,printing
5,0,11110000,5
bathroom,0,22220012,bathroom
norman,0,22220300,norman
foster,0,22220300,foster
sea,0,22220010,sea
vision,0,22220401,vision
home,0,22220000,home
storm,3,22220400,storm
mysterious,0,33330720,mysterious
representation,0,22220400,representation
dancing,0,33330020,dancing
smoke,0,33330415,smoke
figure,0,33330100,figure
curling,0,33330100,curling
wispy,0,33330025,wispy
straight,0,22220300,straight
edged,0,33330550,edged
buildings,0,22221100,buildings
shopfronts,0,22220400,shopfronts
video,0,22220400,video
screens,0,22220000,screens
impasto,0,22220605,impasto
brush,0,33330020,brush
strokes,0,33330295,strokes
soft,0,11110300,soft
composition,0,22220201,composition
adrian,0,22220500,adrian
ghenie,0,22220301,ghenie
jenny,0,22220002,jenny
saville,0,22220902,saville
zhang,0,22220003,zhang
jingna,0,22220100,jingna
cinestill,0,22220400,cinestill
panorama,0,22220400,panorama
roversi,0,33330500,roversi
gritty,0,22220805,gritty
gloomy,0,22220400,gloomy
pain,0,33330420,pain
sad,0,22221130,sad
dystopian,0,22220400,dystopian
pale,0,22220400,pale
roberto,0,22220100,roberto
ferri,0,22220400,ferri
buscemi,0,22220500,buscemi
postapocalyptic,0,22221500,postapocalyptic
megapixel,0,22220400,megapixel
zeng,0,22220300,zeng
fanzhi,0,11110500,fanzhi
solarpunk,0,22220400,solarpunk
ordered,0,33330100,ordered
pixel,0,22220400,pixel
stormy,0,22220400,stormy
seascape,0,22220400,seascape
sketchbook,0,22220409,sketchbook
ink,0,22220402,ink
drips,0,33330220,drips
asian,0,22220500,asian
magnificent,0,22220100,magnificent
cartoon,0,22220405,cartoon
bd,0,11110200,bd
castle,0,22220400,castle
environement,0,22220400,environement
fat,0,22220310,fat
enki,0,22220100,enki
bilal,0,22220000,bilal
brutalist,0,22220300,brutalist
clown,0,22220012,clown
lakes,0,22220400,lakes
levitating,0,33330100,levitating
luxury,0,22220600,luxury
personal,0,22220100,personal
hovering,0,33330102,hovering
rover,0,22220402,rover
over,0,11110001,over
raytracing,0,22220400,raytracing
electric,0,22221100,electric
pokemon,0,22220400,pokemon
nightly,0,22220401,nightly
spiral,0,22220400,spiral
naive,0,22220100,naive
nerikomi,0,22220005,nerikomi
weird,0,22220402,weird
perspective,0,22221102,perspective
extra,0,22220005,extra
narrow,0,22220400,narrow
lit,0,11110400,lit
flashlight,0,22220400,flashlight
scenic,0,22220300,scenic
rhads,0,11110000,rhads
lorax,0,22221300,lorax
true,0,11110000,true
grass,0,22220400,grass
mountainous,0,22220300,mountainous
terrain,0,22220400,terrain
clouds,0,22220300,clouds
smiling,0,33330000,smiling
chiseled,0,33331302,chiseled
jaw,0,22220000,jaw
slightly,0,22220401,slightly
triton,0,22220300,triton
race,0,22220400,race
elf,0,22220002,elf
ears,0,22220300,ears
ponytail,0,22220400,ponytail
short,0,22220100,short
sides,0,22220003,sides
donato,0,22220400,donato
giancola,0,22220400,giancola
reynolds,0,22220004,reynolds
jeff,0,22220401,jeff
easley,0,22220022,easley
killer,3,66660040,killer
glitter,0,22220014,glitter
million,0,22220100,million
resolution,0,22220200,resolution
uhd,0,11110000,uhd
sensational,0,22221020,sensational
whisping,0,33330310,whisping
torpid,0,22220400,torpid
serene,0,22220301,serene
magestic,0,22220400,magestic
ray,0,22220003,ray
tracing,0,33330200,tracing
borg,0,22220400,borg
dieselpunk,0,22220400,dieselpunk
toad,0,22220100,toad
warrior,3,33330100,warrior
holding,0,33330100,holding
battleaxe,3,33330600,battleaxe
chris,0,22220001,chris
riddell,0,22220400,riddell
ilya,0,11110000,ilya
kuvshinov,0,22220300,kuvshinov
kushart,0,33331103,kushart
boris,0,22220405,boris
vallejo,0,22220400,vallejo
gundam,0,22220600,gundam
v,0,11110000,v
fin,0,11110000,fin
dslr,0,11110000,dslr
mekka,0,22220301,mekka
behance,0,22220001,behance
purple,0,22220010,purple
gold,0,22220010,gold
metal,0,22220400,metal
dribbble,0,22220905,dribbble
com,0,11110000,com
secondsyndicate,1,33330520,secondsyndicate
b,0,11110000,b
nier,0,22220100,nier
automata,0,33332100,automata
lost,0,33330200,lost
damaged,0,33330210,damaged
xenomorph,3,22220415,xenomorph
william,0,22221100,william
kent,0,22220400,kent
stylized,0,22220300,stylized
carved,0,33330023,carved
relief,0,22220400,relief
little,0,22220002,little
girl,0,22220400,girl
embroidery,0,22220400,embroidery
fine,0,11110400,fine
calm,0,22220002,calm
colore,0,22220402,colore
paiting,0,22220401,paiting
jan,0,11110102,jan
vermeer,0,22220400,vermeer
masterpiese,0,33330400,masterpiese
french,0,22221100,french
bulldog,0,22220100,bulldog
chef,0,22220200,chef
costume,0,22220003,costume
schoolgirl,0,22220405,schoolgirl
round,0,22220005,round
rays,0,22220300,rays
facehugger,0,22221420,facehugger
ginger,0,22220300,ginger
bearded,0,22220500,bearded
dwarf,0,22220401,dwarf
bronze,0,22220405,bronze
plate,0,22220300,plate
armor,0,22221100,armor
trimmed,0,33331200,trimmed
beard,0,22220400,beard
half,0,11110300,half
shaved,0,33332205,shaved
torso,0,22220400,torso
horsey,0,22220401,horsey
computer,0,22221100,computer
cats,0,22220000,cats
keycaps,0,22220400,keycaps
hardened,3,33330320,hardened
overpowering,3,33330405,overpowering
pragmatic,0,22220400,pragmatic
charismatic,0,22220802,charismatic
handsome,0,22220012,handsome
muscular,0,22220400,muscular
jeans,0,22220600,jeans
t,0,11110001,t
confident,0,22220100,confident
modern,0,22220002,modern
cityscape,0,22220407,cityscape
outdoors,0,22220000,outdoors
fog,0,22220030,fog
sunny,0,22220000,sunny
greenish,0,22220500,greenish
tinge,0,33330025,tinge
cold,0,22221005,cold
lights,0,22220900,lights
wenjun,0,22220003,wenjun
lin,0,11110000,lin
last,0,33330000,last
supper,0,22220000,supper
olive,0,22220005,olive
dante,0,22221100,dante
devil,2,22220300,devil
may,0,11110000,may
cry,0,33330012,cry
rhythm,0,22220411,rhythm
hq,0,11110000,hq
irakli,0,22220500,irakli
nadar,0,22220100,nadar
victorian,0,22220400,victorian
alexander,0,22220101,alexander
mcqueen,0,22220800,mcqueen
rocky,0,22220602,rocky
gathercole,0,22221410,gathercole
haunting,0,22220402,haunting
elite,0,22220401,elite
ruan,0,22220004,ruan
jia,0,11110000,jia
gustav,0,22220001,gustav
built,0,33330000,built
inside,0,22220022,inside
intel,0,22220400,intel
rebranded,0,33330102,rebranded
heavy,0,22220600,heavy
chinese,0,22220300,chinese
ming,0,11110400,ming
strong,0,33330035,strong
nose,0,22220004,nose
brow,0,22220400,brow
beautifull,0,22220012,beautifull
cast,0,33330200,cast
side,0,22220002,side
pretty,0,22220400,pretty
smashing,3,33330205,smashing
fluid,0,22220401,fluid
oilpaint,0,22220600,oilpaint
melting,0,33330002,melting
wax,0,33330205,wax
thin,0,22220002,thin
mohrbacher,0,22220450,mohrbacher
perfect,0,33330004,perfect
pose,0,33330020,pose
trims,0,33330001,trims
mereoleona,0,22220500,mereoleona
clover,0,22220020,clover
au,0,11110000,au
naturel,0,22220100,naturel
wetplate,0,22220400,wetplate
tintype,0,33332201,tintype
pete,0,22220002,pete
buttigieg,0,22220201,buttigieg
one,0,11110000,one
dragons,0,22220403,dragons
steamscale,0,22220300,steamscale
incinerator,0,22220415,incinerator
gta,1,22220005,gta
cover,0,33330100,cover
official,0,22220400,official
fanart,0,22220400,fanart
jesper,0,22220500,jesper
ejsing,0,11110000,ejsing
lois,0,11110400,lois
baarle,0,22220400,baarle
ossdraws,1,22220600,ossdraws
that,0,11110000,that
looks,0,33330000,looks
like,0,11110000,like
it,0,11110000,it
borderlands,0,22220300,borderlands
loish,0,22220705,loish
laurie,0,22220100,laurie
greasley,0,22220400,greasley
vic,0,22220002,vic
baroque,0,22220400,baroque
artgerm,0,22220300,artgerm
minecraft,0,22220405,minecraft
beta,0,22220003,beta
life,0,22220000,life
businesswoman,0,22220300,businesswoman
jodhpurs,0,22220600,jodhpurs
sargent,0,22220400,sargent
leyendecker,0,22221001,leyendecker
asymmetrical,0,22220012,asymmetrical
hearthstone,0,22220410,hearthstone
tocchini,0,33331102,tocchini
james,0,22220002,james
gilleard,0,22220715,gilleard
glamour,0,22220101,glamour
medieval,0,22220200,medieval
coat,0,22220002,coat
arms,3,66660405,arms
copy,0,33330024,copy
pasted,0,33330300,pasted
image,0,22220012,image
chimera,0,22220400,chimera
creepy,0,33330205,creepy
watering,0,33330400,watering
airbrush,0,22220406,airbrush
scan,0,33330100,scan
sexy,2,88880350,sexy
shakira,0,22220400,shakira
transparent,0,22221800,transparent
pink,0,22220100,pink
latex,0,22220400,latex
hajime,0,22220100,hajime
sorayama,0,22220600,sorayama
swift,0,33331420,swift
boat,0,22220000,boat
veteran,0,22220400,veteran
jug,0,22220401,jug
abraxas,0,22220300,abraxas
iconography,0,22220404,iconography
stephen,0,22220400,stephen
bliss,0,22220025,bliss
rossdraws,0,22220101,rossdraws
mawrats,0,22221300,mawrats
colossal,0,22220400,colossal
soulshredder,3,33330420,soulshredder
mawrat,0,33330405,mawrat
human,0,22220000,human
pablo,0,22220400,pablo
picasso,0,22220300,picasso
japanese,0,22220401,japanese
flaming,0,22220810,flaming
sword,3,66660405,sword
illuminated,0,22220801,illuminated
bath,0,22220400,bath
tub,0,22220500,tub
lady,0,22220400,lady
gaga,0,11110400,gaga
community,0,22220400,community
solar,0,22220500,solar
panels,0,22220012,panels
integrated,0,22220801,integrated
paths,0,33330100,paths
join,0,33330000,join
tiny,0,22220002,tiny
fun,0,11110000,fun
communal,0,22220011,communal
vertical,0,22220400,vertical
cgi,0,11110400,cgi
mix,0,33330003,mix
title,0,22220000,title
party,0,22220004,party
rpg,0,33330012,rpg
hands,0,33331900,hands
greenbox,0,22220420,greenbox
yber,0,11110400,yber
time,0,22220000,time
rebooting,0,33330061,rebooting
chronology,0,22220430,chronology
clockwork,0,22220403,clockwork
hourglass,0,22220300,hourglass
sand,0,22220401,sand
organic,0,22220400,organic
mecanism,0,22220405,mecanism
chrono,0,22220003,chrono
trigger,0,33334375,trigger
glow,0,33330001,glow
realist,0,22220101,realist
ligne,0,22220015,ligne
claire,0,22220100,claire
edges,0,33330020,edges
riveting,0,33331108,riveting
majestic,0,22220400,majestic
regal,0,22220400,regal
artemis,0,22220300,artemis
atmospheric,0,22221500,atmospheric
painted,0,33330012,painted
rich,0,22220300,rich
colours,0,22220802,colours
tran,0,22220400,tran
thierry,0,22220100,thierry
doizon,0,22220400,doizon
kai,0,11110002,kai
carpenter,0,22220400,carpenter
ignacio,0,22220800,ignacio
fernandez,0,22220500,fernandez
rios,0,22220400,rios
hand,0,33330020,hand
obsidian,0,22220515,obsidian
gravewing,0,33330400,gravewing
brunette,0,22220405,brunette
argentinian,0,22221400,argentinian
italian,0,22220200,italian
shoot,3,77770300,shoot
suggestive,2,33330925,suggestive
classic,0,22221800,classic
riding,0,33330100,riding
horseback,0,33330105,horseback
walter,0,22220100,walter
sith,0,33330801,sith
edward,0,22220102,edward
hopper,0,22220500,hopper
unsuccessful,0,22220400,unsuccessful
prototype,0,33330102,prototype
fleetpod,0,22220010,fleetpod
whopper,0,22220410,whopper
artwork,0,22220000,artwork
commercial,0,22220001,commercial
pastell,0,22220400,pastell
toy,0,22220400,toy
gun,3,77770370,gun
shape,0,22220100,shape
boss,0,22220101,boss
looking,0,33330200,looking
angry,0,33330320,angry
desk,0,22220400,desk
basketball,0,22221102,basketball
player,0,22220300,player
do,0,11110002,do
slam,3,33330014,slam
dunk,0,33330105,dunk
during,0,33330000,during
floodlight,0,22220405,floodlight
sport,0,22220400,sport
exciting,0,33330005,exciting
action,0,33330100,action
casting,0,33330105,casting
fur,0,11110400,fur
if,0,11110000,if
mouth,0,33332300,mouth
psychedelic,0,22220400,psychedelic
duck,0,22220002,duck
henri,0,22220405,henri
matisse,0,22220500,matisse
kusama,0,22220400,kusama
yayoi,0,11111200,yayoi
nba,0,22220000,nba
average,0,22220400,average
mugshot,1,22220395,mugshot
mass,0,22220350,mass
shooter,3,66660054,shooter
cloud,0,22220400,cloud
serpents,0,22220702,serpents
lumion,0,22220004,lumion
murderer,3,66660415,murderer
stick,0,33330120,stick
bob,0,11110001,bob
byerley,0,22220000,byerley
pastel,0,22220400,pastel
microscopy,0,22220302,microscopy
exposure,0,33330312,exposure
spotlight,0,22220400,spotlight
wrought,0,33330302,wrought
iron,0,22220001,iron
scene,0,22220401,scene
checkerboard,0,22220305,checkerboard
colour,0,22223210,colour
deserted,0,33330200,deserted
ocean,0,22220400,ocean
under,0,22220011,under
milky,0,22220300,milky
way,0,22220003,way
galaxy,0,22220002,galaxy
megapixels,0,22220400,megapixels
hypermaximalist,0,22221100,hypermaximalist
photography,0,22220405,photography
coherent,0,22220600,coherent
cole,0,22220001,cole
rive,0,33330020,rive
geographic,0,22220004,geographic
gurney,0,22220102,gurney
people,0,22220003,people
sitting,0,33330405,sitting
beach,0,22220300,beach
watching,0,33331102,watching
meteor,0,22220101,meteor
shower,0,22220000,shower
depht,0,22221805,depht
gfield,0,22220012,gfield
dreamy,0,22220400,dreamy
pre,0,11110000,pre
raphaelite,0,22220401,raphaelite
cople,0,22221100,cople
hypnos,0,33330115,hypnos
thanatos,3,33332040,thanatos
annie,0,22221100,annie
liebovitz,0,22221301,liebovitz
watherhouse,0,22220400,watherhouse
matt,0,11110200,matt
blur,0,33330100,blur
trading,0,33330205,trading
finely,0,11110000,finely
blurry,0,22221500,blurry
texture,0,22220900,texture
pattern,0,22220400,pattern
afghan,0,22221300,afghan
professionally,0,22220001,professionally
retouched,0,22220400,retouched
steve,0,11110000,steve
mccurry,0,22220100,mccurry
advertising,0,22220300,advertising
marbled,0,33330200,marbled
tetraformic,0,22220400,tetraformic
gigihedron,0,33330100,gigihedron
colony,0,22220400,colony
technobites,0,22220402,technobites
surrealist,0,33330200,surrealist
hypertech,0,22220401,hypertech
gigapixel,0,22220405,gigapixel
finish,0,33330105,finish
interstaller,0,22221103,interstaller
radiation,0,22220401,radiation
synthcore,0,22220401,synthcore
shop,0,33330002,shop
stylish,0,22220400,stylish
tattoo,0,33330270,tattoo
cafe,0,22220000,cafe
directional,0,22220000,directional
poster,0,22220300,poster
magali,0,22220400,magali
villeneuve,0,22220405,villeneuve
jeremy,0,22220004,jeremy
lipkin,0,22220025,lipkin
michael,0,22220400,michael
garmash,0,22220405,garmash
rob,1,66660350,rob
rey,0,22220500,rey
translucent,0,22220300,translucent
curvy,0,22220305,curvy
demon,3,22220410,demon
booty,2,33330185,booty
flowy,0,22220400,flowy
moons,0,22220300,moons
mist,0,22220402,mist
textured,0,22220300,textured
ornate,0,22220501,ornate
scales,0,22220401,scales
skulls,3,22220300,skulls
gems,0,22220300,gems
contrast,0,22220402,contrast
yuji,0,22221100,yuji
moriguchi,0,22220300,moriguchi
turret,0,33330310,turret
future,0,22220400,future
central,0,22220400,central
bloom,0,22220400,bloom
puff,0,33330050,puff
simon,0,22220004,simon
stalenhag,0,22220420,stalenhag
rene,0,22220401,rene
magritte,0,22220100,magritte
anton,0,22221100,anton
fade,0,33330005,fade
futurist,0,22220405,futurist
volume,0,22220000,volume
andreas,0,22220300,andreas
rocha,0,22220601,rocha
harris,0,22220401,harris
undefined,0,11110000,undefined
shiba,0,22220400,shiba
inu,0,22220003,inu
cayon,0,22220200,cayon
cottage,0,22220400,cottage
steel,0,33330100,steel
le,0,11110000,le
corbusier,0,22220400,corbusier
plain,0,22220005,plain
bald,0,22220400,bald
ever,0,11110000,ever
since,0,11110000,since
i,0,11110000,i
saw,0,66660345,saw
them,0,11110000,them
have,0,33331101,have
been,0,11110000,been
fascinated,0,22221301,fascinated
beauty,0,22220400,beauty
phenomena,0,22220045,phenomena
interference,1,22220604,interference
iridescent,0,22220300,iridescent
display,0,33330000,display
swirling,0,33330005,swirling
resulting,0,33330012,resulting
simultaneous,0,22221100,simultaneous
reflection,0,22220100,reflection
refraction,0,22220401,refraction
when,0,11110000,when
interact,0,33330200,interact
each,0,11110000,each
other,0,11110000,other
we,0,11110000,we
leave,0,33330015,leave
earth,0,22220400,earth
broken,0,33330100,broken
ruthkowski,0,22220300,ruthkowski
moody,0,22220400,moody
river,0,22220010,river
donata,0,22220305,donata
mary,0,22220100,mary
jane,0,11110000,jane
ansell,0,22220401,ansell
ankh,0,22220400,ankh
necklace,0,22220400,necklace
atmosphere,0,22220400,atmosphere
dof,0,33330100,dof
two,0,11110000,two
robotic,0,22220000,robotic
archaeologists,0,22220400,archaeologists
discovering,0,33330300,discovering
ancient,0,22220600,ancient
fossils,0,22220300,fossils
curious,0,22220200,curious
language,0,22220400,language
elaborate,0,22220602,elaborate
machinery,0,22220400,machinery
tang,0,22220401,tang
dynasty,0,22220001,dynasty
private,0,22220400,private
onsen,0,22220400,onsen
next,0,22220101,next
inn,0,11110200,inn
lanterns,0,22220900,lanterns
petals,0,22220402,petals
zen,0,22220100,zen
garden,0,22220400,garden
motifs,0,22221103,motifs
lumen,0,22220045,lumen
reflections,0,22221500,reflections
cushions,0,22220500,cushions
towels,0,22220400,towels
buckets,0,22220400,buckets
hiroshi,0,22220400,hiroshi
nagai,0,22220400,nagai
grainy,0,22220300,grainy
sculpture,0,22220400,sculpture
crushing,3,33330120,crushing
satan,0,22220401,satan
his,0,11110000,his
demonic,3,22220450,demonic
justin,0,22220100,justin
gerard,0,22220002,gerard
monstrous,3,22220495,monstrous
dnd,0,33330102,dnd
top,0,33330010,top
old,0,22220000,old
mine,0,33330100,mine
solitary,0,22220500,solitary
great,0,22220002,great
tree,0,22220000,tree
cloudless,0,22220600,cloudless
islands,0,22220300,islands
flooded,0,33330034,flooded
effervescent,0,22220300,effervescent
lillies,0,22220801,lillies
underwater,0,22220400,underwater
climbs,0,33330102,climbs
kelp,0,22220004,kelp
reach,0,33330025,reach
surface,0,22220400,surface
wears,0,33330200,wears
swimming,0,22220500,swimming
her,0,11110000,her
winton,0,22220100,winton
maurice,0,22220400,maurice
sendak,0,22220405,sendak
hyperrealistic,0,33333301,hyperrealistic
nighttime,0,22220500,nighttime
chains,0,33330201,chains
angel,0,22220000,angel
psychadelic,0,22220650,psychadelic
witch,0,22220415,witch
fadee,0,33330301,fadee
sim,0,11110000,sim
hangar,0,22220002,hangar
co,0,11110000,co
creature,0,22220400,creature
shaun,0,22220100,shaun
tan,0,22220002,tan
floating,0,33330000,floating
cloakroom,0,22220400,cloakroom
expressive,0,22220001,expressive
tail,0,22220300,tail
arthurrackham,0,22221320,arthurrackham
williamblake,0,22220500,williamblake
edmunddulac,0,22220400,edmunddulac
arch,0,22220300,arch
bridge,0,22220400,bridge
lotus,0,22220400,lotus
maple,0,22220000,maple
trippy,0,33333205,trippy
palaces,0,22220300,palaces
pine,0,22220300,pine
mystical,0,22220405,mystical
empty,0,22220005,empty
bonsai,0,22220400,bonsai
trees,0,22220400,trees
portait,0,22220400,portait
flood,0,22220300,flood
plains,0,22220012,plains
sunshine,0,22220101,sunshine
after,0,11110000,after
rain,0,22220000,rain
terrifying,0,22220405,terrifying
byzantinian,0,22220400,byzantinian
stadium,0,22220025,stadium
set,0,33331102,set
brainsuckers,3,33331245,brainsuckers
rubber,0,22220405,rubber
gas,0,33330295,gas
mask,0,22220401,mask
control,0,33330100,control
room,0,22220000,room
ufo,0,22220000,ufo
ruins,0,33330100,ruins
letters,0,22221100,letters
j,0,11110000,j
u,0,11110000,u
l,0,11110000,l
written,0,33330300,written
graffiti,1,22220405,graffiti
font,0,22221100,font
drawing,0,22220405,drawing
sewing,0,22220800,sewing
machine,0,22220300,machine
created,0,33330001,created
inspiring,0,22220401,inspiring
feeling,0,22220406,feeling
lux,0,11110000,lux
shellfolk,0,22220405,shellfolk
cephalopod,0,22220400,cephalopod
fujifilm,0,22220400,fujifilm
boogerman,0,33332230,boogerman
angelic,0,22220300,angelic
benevolent,0,22220001,benevolent
some,0,11110000,some
lines,0,22220005,lines
dot,0,11110000,dot
moving,0,33330000,moving
glorifying,0,33330205,glorifying
past,0,33330004,past
retropunk,0,22220900,retropunk
futurepunk,0,33330420,futurepunk
realizing,0,33330400,realizing
he,0,11110000,he
will,0,11110000,will
die,3,99990012,die
despair,0,22220325,despair
loneliness,0,22220500,loneliness
sadness,0,22220401,sadness
empthyness,0,22220300,empthyness
girls,0,22220300,girls
mother,0,22220401,mother
told,0,33330200,told
kids,0,22220405,kids
missing,0,22220004,missing
waterfall,0,22220410,waterfall
safari,0,22220301,safari
specular,0,22220004,specular
clockpunk,0,22221001,clockpunk
montain,0,22220012,montain
portals,0,22220400,portals
inc,0,11110000,inc
themed,0,22220300,themed
class,0,22220100,class
emily,0,22220004,emily
paris,0,22220400,paris
tv,0,11110000,tv
show,0,33330014,show
minimalist,0,22220300,minimalist
raven,0,22220002,raven
money,0,22220400,money
heist,1,66660120,heist
netflix,0,22220301,netflix
7,0,11110000,7
box,0,22220020,box
nes,0,11110000,nes
commodore,0,22220901,commodore
droid,0,22220405,droid
contra,1,22220300,contra
keith,0,22220100,keith
parkinson,0,22220405,parkinson
many,0,11110000,many
playing,0,33330200,playing
inception,0,33330278,inception
effect,0,22220101,effect
bacon,0,22220300,bacon
karol,0,22220900,karol
bak,0,11110005,bak
grey,0,22220002,grey
ninja,0,22220400,ninja
stealth,1,33330100,stealth
drew,0,33330003,drew
struzan,0,22220023,struzan
classics,0,22220500,classics
well,0,11110000,well
animation,0,22220012,animation
frame,0,33330004,frame
hell,2,33330420,hell
cell,0,22220905,cell
thrones,0,22220400,thrones
meets,0,33330001,meets
my,0,11110000,my
pony,0,22220400,pony
de,0,11110002,de
kantwerkster,0,22220402,kantwerkster
mario,0,22220301,mario
akihito,0,22221001,akihito
tsukushi,0,22220400,tsukushi
abyss,0,22220400,abyss
pepe,0,22220415,pepe
bizarre,0,22220405,bizarre
nausicaa,0,22220400,nausicaa
clothing,0,22220400,clothing
swamp,0,22220100,swamp
cool,0,22220400,cool
shading,0,33330300,shading
paradise,0,22222405,paradise
meat,0,22220300,meat
butchery,3,66660750,butchery
pogrom,3,66661210,pogrom
scott,0,22220400,scott
cawthon,0,22220400,cawthon
animatronic,0,22220905,animatronic
nights,0,22220410,nights
freddy,0,22220205,freddy
desolation,0,22220445,desolation
constructions,0,22220500,constructions
model,0,22220402,model
rim,0,33330125,rim
back,0,22220400,back
overear,0,11110010,overear
headphones,0,22220100,headphones
negative,0,22220020,negative
nope,0,11110001,nope
no,0,11110000,no
not,0,11110000,not
mona,0,22220403,mona
lisa,0,11110100,lisa
daughter,0,22220400,daughter
donald,0,22220101,donald
trump,0,22220500,trump
liz,0,11110300,liz
cheney,0,22220410,cheney
generative,0,22220400,generative
scape,0,33330020,scape
minimalistic,0,22220305,minimalistic
lehr,0,11110000,lehr
ralph,0,22221405,ralph
mcquarrie,0,22220400,mcquarrie
damn,2,33330125,damn
hate,2,66660420,hate
censorship,1,22220600,censorship
but,0,11110000,but
now,0,11110000,now
doing,0,33330002,doing
space,0,22220000,space
walk,0,33330010,walk
darna,0,22220401,darna
superhero,0,22220400,superhero
bosslogic,0,22220002,bosslogic
page,0,22220402,page
hp,0,11110000,hp
lovecraft,0,33330075,lovecraft
book,0,22220000,book
uncanny,0,22220400,uncanny
look,0,33330002,look
nice,0,22220000,nice
please,0,11110000,please
put,0,11110000,put
junji,0,22220802,junji
athletic,0,22220400,athletic
anthropomorphic,0,22220400,anthropomorphic
anubis,0,22220500,anubis
dreemy,0,22220301,dreemy
formidable,0,22220004,formidable
monkey,0,22220601,monkey
brain,0,22220405,brain
furaffinity,0,22220320,furaffinity
jay,0,11110001,jay
naylor,0,22220600,naylor
aya,0,11110400,aya
takano,0,22220402,takano
dan,0,11110000,dan
mumford,0,22220400,mumford
inio,0,11110400,inio
cmyk,0,11110600,cmyk
make,0,33330004,make
makeupartist,0,22221100,makeupartist
chocolate,0,22220001,chocolate
wave,0,33330015,wave
makeup,0,22220400,makeup
done,0,33330000,done
patine,0,22220300,patine
country,0,22220100,country
bears,0,22220400,bears
afire,0,33330201,afire
explosion,3,33331101,explosion
marc,0,22220400,marc
davis,0,22220200,davis
scary,0,22220405,scary
madness,0,33330200,madness
trauma,3,22220105,trauma
unnerving,0,33330105,unnerving
bike,0,22220400,bike
gal,0,22220018,gal
gadot,0,22220400,gadot
hans,0,22220400,hans
zatzka,0,22220300,zatzka
h,0,11110000,h
r,0,11110000,r
honey,0,11110400,honey
monica,0,22220400,monica
colored,0,22220400,colored
pencil,0,22220401,pencil
paper,0,22220400,paper
depth,0,22220040,depth
artstationhd,0,22220400,artstationhd
fairies,0,22220400,fairies
lovecraftian,0,33332405,lovecraftian
fighting,3,44440715,fighting
horrors,3,22220395,horrors
unknown,0,22220400,unknown
decaying,0,33330810,decaying
size,0,22220002,size
tall,0,22220400,tall
ball,0,22220002,ball
jointed,0,33330200,jointed
doll,0,22220400,doll
fashion,0,22220000,fashion
exquisitely,0,22220100,exquisitely
different,0,22220000,different
unique,0,22220400,unique
year,0,22220001,year
esao,0,11110000,esao
andrews,0,22220400,andrews
rockwell,0,22220100,rockwell
cheval,0,22220004,cheval
filipina,0,22220100,filipina
zatzkapainting,0,22221102,zatzkapainting
mutant,0,22220305,mutant
disturbing,2,33330050,disturbing
lizard,0,22220405,lizard
snake,0,22220002,snake
tube,0,22220401,tube
cable,0,22220003,cable
sparks,0,22220401,sparks
chrome,0,22220600,chrome
butterfly,0,22220401,butterfly
otto,0,22220101,otto
marseus,0,11110400,marseus
schrieck,0,33331085,schrieck
dutch,0,22220100,dutch
age,0,22220002,age
willem,0,22220400,willem
aelst,0,11110000,aelst
rocks,0,22220300,rocks
shiny,0,22220010,shiny
who,0,11110000,who
manic,0,22220410,manic
pixie,0,22220400,pixie
dream,0,22220300,dream
elizabeth,0,22220820,elizabeth
winstead,0,22220300,winstead
mold,0,22220400,mold
tendril,0,22220320,tendril
mucus,0,22220400,mucus
toes,0,22220500,toes
tongue,0,33330200,tongue
bubble,0,22220100,bubble
snot,0,22220600,snot
chiaroscuro,0,22220405,chiaroscuro
anthro,0,22220310,anthro
fox,0,22220002,fox
furry,0,22220500,furry
fursona,0,22220302,fursona
print,0,33330003,print
hoodie,0,22220023,hoodie
large,0,22220001,large
exquisite,0,22220400,exquisite
glitchy,0,22220300,glitchy
vase,0,22221100,vase
huysum,0,11110200,huysum
getty,0,33330201,getty
museum,0,22220100,museum
fish,0,22220000,fish
tinted,0,22220400,tinted
glitch,0,33330101,glitch
slenderman,0,22222805,slenderman
general,0,22220002,general
uniform,0,22220401,uniform
albino,0,22220901,albino
inflateble,0,22221600,inflateble
shapes,0,22220400,shapes
tubes,0,22220000,tubes
veins,0,22220600,veins
jellyfish,0,22220500,jellyfish
bionic,0,22220400,bionic
implants,0,22221105,implants
vogue,0,22220402,vogue
album,0,22220004,album
slender,0,22220400,slender
supermodel,0,22220400,supermodel
rent,0,33330010,rent
gucci,0,22220025,gucci
suzuki,0,22220032,suzuki
gsx,0,11110000,gsx
dessert,0,22220401,dessert
charles,0,22220021,charles
dance,0,33330200,dance
speedo,0,22220510,speedo
flexing,0,33330580,flexing
muscles,0,22220401,muscles
cnetral,0,22220400,cnetral
fabric,0,22220400,fabric
extremely,0,11110400,extremely
hungry,0,22220004,hungry
ambient,0,22220002,ambient
wonderful,0,22220012,wonderful
eerie,0,33330035,eerie
mythic,0,22220400,mythic
grand,0,22220400,grand
haag,0,22220400,haag
reyna,0,11110001,reyna
rochin,0,22220101,rochin
brightly,0,33330100,brightly
skies,0,22220400,skies
armed,3,66660401,armed
cannons,3,33330500,cannons
parked,0,33330100,parked
command,2,33330250,command
station,0,22220300,station
attractive,0,22220400,attractive
commission,0,22220400,commission
fully,0,11110000,fully
panther,0,22220400,panther
soap,0,22220000,soap
bubbles,0,22220412,bubbles
schriek,0,33330110,schriek
rachel,0,22220600,rachel
ruyschwith,0,11110300,ruyschwith
charlie,0,22220800,charlie
bowater,0,22220300,bowater
inked,0,33330100,inked
cybernetic,0,22221107,cybernetic
birds,0,22220015,birds
grazing,0,33330301,grazing
minimal,0,22220500,minimal
rolling,0,33330200,rolling
witcher,0,22220400,witcher
lion,0,22220004,lion
fast,0,33330000,fast
food,0,22220400,food
fries,0,22220000,fries
oda,0,22220004,oda
nobunaga,0,22220405,nobunaga
pedestal,0,33330033,pedestal
public,0,22221100,public
square,0,22220300,square
gifu,0,22220402,gifu
pop,0,33330400,pop
plastic,0,22220100,plastic
love,0,22220400,love
mariya,0,22220400,mariya
takeuchi,0,33332001,takeuchi
portal,0,22220500,portal
dimension,0,22220400,dimension
mech,0,22220401,mech
definition,0,22220300,definition
katsuya,0,22220100,katsuya
terada,0,11110210,terada
julio,0,22220003,julio
cesar,0,22220001,cesar
silver,0,22220400,silver
expansive,0,22220405,expansive
branches,0,22220600,branches
arching,0,33330250,arching
trunks,0,22220500,trunks
everywhere,0,22220000,everywhere
overlooking,0,33330220,overlooking
outside,0,22220001,outside
frank,0,22221215,frank
lloyd,0,22220400,lloyd
wright,0,33330801,wright
streetscapes,0,22220600,streetscapes
thick,0,33330405,thick
collar,0,22220500,collar
spikes,0,33330405,spikes
pickup,0,33330023,pickup
truck,0,22220400,truck
ugly,0,22220500,ugly
vampire,0,22220405,vampire
nosferatus,0,33330912,nosferatus
sound,0,22220002,sound
peugeot,0,22220201,peugeot
camaro,0,22220004,camaro
gambit,0,22220400,gambit
x,0,11110000,x
men,0,22220000,men
monterey,0,22220400,monterey
california,0,22220400,california
afremov,0,11110000,afremov
deadpool,2,33330520,deadpool
san,0,11110101,san
diego,0,22220340,diego
polaroid,0,22220002,polaroid
steep,0,33330110,steep
hill,0,22220400,hill
flash,0,33330300,flash
library,0,22220400,library
isaac,0,22220101,isaac
asimov,0,22220074,asimov
foundation,0,22220400,foundation
branching,0,22220300,branching
vaulted,0,33330112,vaulted
structure,0,22221100,structure
stretching,0,33330103,stretching
across,0,22220400,across
countryside,0,22220405,countryside
tropical,0,22220700,tropical
spirals,0,22220400,spirals
swirly,0,22220412,swirly
serve,0,33330100,serve
ice,0,22220300,ice
cream,0,22220530,cream
lush,0,22220402,lush
spin,0,33330100,spin
foam,0,11110200,foam
braid,0,22220105,braid
twisted,3,33330000,twisted
whirlpool,0,22220402,whirlpool
creamy,0,22220300,creamy
froth,0,33330200,froth
gouache,0,22221300,gouache
waves,0,33330102,waves
knife,3,66660215,knife
saturated,0,22220500,saturated
gogh,0,22220004,gogh
adolf,0,22220015,adolf
lutgreen,0,22221020,lutgreen
juggernaut,0,22220405,juggernaut
enormous,0,22220300,enormous
skyscraper,0,22220002,skyscraper
middle,0,22220000,middle
buxom,0,22220305,buxom
brown,0,22220001,brown
fairy,0,22220400,fairy
map,0,22220000,map
single,0,22220301,single
battlecruiser,3,33330405,battlecruiser
entering,0,33330100,entering
just,0,11110000,just
off,0,11110000,off
re,0,11110000,re
pregnant,0,22220430,pregnant
park,0,22220002,park
fleet,0,22220300,fleet
starships,0,22220405,starships
hyperspace,0,22220600,hyperspace
lutgren,0,22220001,lutgren
dolph,0,22220200,dolph
fuzz,0,33330020,fuzz
hairy,0,22220403,hairy
blade,3,66660415,blade
runner,0,33330500,runner
lunar,0,22220400,lunar
creative,0,33330012,creative
coding,0,33330100,coding
item,0,22220000,item
variations,0,22220405,variations
holographic,0,22220080,holographic
tadao,0,22220400,tadao
ando,0,11110200,ando
fadeev,0,11110400,fadeev
anatsu,0,22220400,anatsu
kyoushitsu,0,22220405,kyoushitsu
cosplay,0,22220100,cosplay
warcore,3,33330200,warcore
fringe,0,22220023,fringe
weapon,3,55550020,weapon
happy,0,22220100,happy
ethereal,0,22220405,ethereal
hotel,0,22220000,hotel
cozy,0,22220001,cozy
surreal,0,22220301,surreal
dali,0,22220400,dali
ernst,0,22220100,ernst
dorothea,0,22220400,dorothea
tanning,0,22220600,tanning
forms,0,22220002,forms
foreground,0,22220002,foreground
upper,0,11110200,upper
walking,0,33330101,walking
puffy,0,22220400,puffy
anorak,0,22220014,anorak
shusei,0,22220350,shusei
nagaoka,0,22220400,nagaoka
kaws,0,22220402,kaws
david,0,22220500,david
rudnick,0,22220301,rudnick
setup,0,22220400,setup
clamp,0,33330400,clamp
shell,0,22220500,shell
mickey,0,22220400,mickey
mouse,0,22220405,mouse
seagulls,0,22220400,seagulls
trying,0,33330022,trying
eat,0,33330002,eat
cotton,0,22220301,cotton
expression,0,22220400,expression
isometric,0,22220701,isometric
frontal,0,22221015,frontal
rocket,0,22220400,rocket
stars,0,22220400,stars
takashi,0,22220002,takashi
murakami,0,22220310,murakami
yoga,0,22220001,yoga
principal,0,22221100,principal
villainess,0,33331625,villainess
media,0,22220300,media
bill,0,22220000,bill
presing,0,33330081,presing
kirby,0,22220400,kirby
lava,0,22220400,lava
roaring,0,22220300,roaring
overgrown,0,22220300,overgrown
simonetti,0,22220014,simonetti
sticking,0,33330300,sticking
bird,0,22220002,bird
poop,0,22220405,poop
shoulders,0,22220100,shoulders
tone,0,33330000,tone
walkways,0,33330000,walkways
pogota,0,22220305,pogota
virabhadrasana,0,33330100,virabhadrasana
salvador,0,22220405,salvador
processing,0,22220405,processing
midriff,0,33330025,midriff
glasses,0,22220400,glasses
kimonos,0,22221102,kimonos
three,0,22220100,three
kingdoms,0,22220401,kingdoms
glamorous,0,22220301,glamorous
panoramic,0,22220120,panoramic
shanghai,1,22220200,shanghai
sakura,0,22220901,sakura
whimsical,0,22220300,whimsical
botanical,0,22220400,botanical
jones,0,22220001,jones
ratio,0,22220400,ratio
p,0,11110000,p
js,0,11110000,js
openprocessing,0,22220300,openprocessing
javascript,0,22220301,javascript
bold,0,11110000,bold
bridges,0,22220400,bridges
pogotas,0,22220401,pogotas
giant,0,22220030,giant
whale,0,22220300,whale
wing,0,22220300,wing
sleeve,0,22220400,sleeve
mixed,0,22220405,mixed
transylvanian,0,22220320,transylvanian
folk,0,22220003,folk
overhead,0,11110200,overhead
burning,0,33330750,burning
wool,0,22220400,wool
oumuamua,0,22220400,oumuamua
laboratory,0,22220401,laboratory
steam,0,33330701,steam
tennis,0,22220400,tennis
dracula,0,22220400,dracula
exhibit,0,33330105,exhibit
orbit,0,22220401,orbit
saturn,0,22220400,saturn
between,0,11110000,between
monsteras,0,22220500,monsteras
arp,0,11111300,arp
patrick,0,22220495,patrick
caulfield,0,22220300,caulfield
eyvind,0,22220003,eyvind
earle,0,22220400,earle
banquet,0,22220400,banquet
evening,0,22221100,evening
where,0,11110000,where
things,0,22220004,things
block,0,22220500,block
n,0,11110000,n
scientist,0,22220320,scientist
constructing,0,33332200,constructing
puppet,0,22220100,puppet
making,0,33330405,making
kagetsu,0,22220100,kagetsu
cunningham,0,22220201,cunningham
bellmer,0,22220013,bellmer
symmetry,0,22220400,symmetry
plants,0,22220001,plants
impressionist,0,22220001,impressionist
trudeau,0,22220401,trudeau
drag,0,33330210,drag
erin,0,22220000,erin
hanson,0,22220100,hanson
chad,0,22220400,chad
knight,0,22220402,knight
mandy,0,22220400,mandy
jurgens,0,22220002,jurgens
hannah,0,22220200,hannah
yata,0,11110000,yata
kay,0,11110000,kay
sage,0,22220400,sage
blocky,0,22220300,blocky
jim,0,11110300,jim
morrison,0,22220345,morrison
expressionist,0,22220801,expressionist
jimi,0,22220400,jimi
hendrix,0,22220300,hendrix
bench,0,22220400,bench
balcony,0,22220400,balcony
nearby,0,22220400,nearby
warm,0,22220400,warm
tones,0,22220021,tones
monster,0,22220405,monster
collin,0,22220002,collin
estrada,0,22220402,estrada
marcel,0,22220200,marcel
duchamp,0,22220100,duchamp
ironman,0,22220480,ironman
batman,0,22220301,batman
hybrid,0,22220400,hybrid
dougal,0,22220300,dougal
dixon,0,22221104,dixon
speculative,0,22220400,speculative
evolution,0,22220400,evolution
zoological,0,22220405,zoological
illustrations,0,22220400,illustrations
animals,0,22220003,animals
animal,0,22220100,animal
showing,0,33330015,showing
brazilian,0,22220400,brazilian
kim,0,22220000,kim
jung,0,22220400,jung
gi,0,11110000,gi
snoop,1,33330101,snoop
dogg,0,22220100,dogg
don,0,11110400,don
vito,0,22220300,vito
corleone,1,22222001,corleone
godfather,0,22220700,godfather
this,0,11110000,this
featured,0,22220400,featured
crisp,0,22220400,crisp
blind,0,33330000,blind
chibi,0,22220415,chibi
kawaii,0,22220100,kawaii
has,0,11110000,has
ai,0,22220001,ai
generated,0,22220500,generated
smell,0,33330100,smell
module,0,22220400,module
product,0,22220400,product
fatman,0,22220425,fatman
stan,0,22220405,stan
moore,0,22220025,moore
thing,0,11110000,thing
power,0,22220350,power
mind,0,33330001,mind
sweat,0,33330007,sweat
lara,0,22220300,lara
croft,0,22220400,croft
gaston,0,22220400,gaston
bussiere,0,22220600,bussiere
c,0,11110000,c
godly,0,22220400,godly
akihiko,0,22220400,akihiko
yoshida,0,22220400,yoshida
yoshitaka,0,22220300,yoshitaka
shutterstock,0,22221403,shutterstock
helen,0,22220300,helen
huang,0,22220400,huang
centralized,0,22220001,centralized
surrealism,0,22220500,surrealism
miller,0,22220002,miller
marvel,0,22220600,marvel
thor,0,22220101,thor
lightning,0,22220301,lightning
hemsworth,0,22220400,hemsworth
nicholas,0,22220602,nicholas
roerich,0,22220402,roerich
hero,0,22220100,hero
spider,0,22220300,spider
cerbus,0,33331205,cerbus
jesus,0,22220025,jesus
contestant,0,22221005,contestant
american,0,22220300,american
gladiators,3,22220405,gladiators
hamburger,0,22220100,hamburger
medicinal,0,22220400,medicinal
obama,0,22220022,obama
sloth,0,22220400,sloth
bathrobe,0,22221100,bathrobe
curly,0,22220402,curly
luminescent,0,22220400,luminescent
caspar,0,22220015,caspar
friedrich,0,22220400,friedrich
puppy,0,22220700,puppy
fujichrome,0,22220300,fujichrome
provia,0,22220405,provia
collage,0,22220401,collage
cut,3,33330405,cut
coated,0,33330800,coated
uncoated,0,22220400,uncoated
papers,0,22220100,papers
graphite,0,22220501,graphite
grid,0,22220400,grid
joined,0,33330004,joined
sheets,0,22220005,sheets
embossed,0,33330042,embossed
piece,0,22220400,piece
toast,0,22220000,toast
intimate,0,33330245,intimate
air,0,11110000,air
hot,0,11110400,hot
springs,0,22220401,springs
teahouse,0,22220300,teahouse
gamer,0,22220405,gamer
pc,0,11110000,pc
tonight,0,22220400,tonight
m,0,11110000,m
gonna,0,11110000,gonna
myself,0,33330056,myself
real,0,22220013,real
good,0,22220000,good
feel,0,33330100,feel
alive,0,22220000,alive
ll,0,11110000,ll
turn,0,33330002,turn
yeah,0,11110000,yeah
ecstasy,1,77770362,ecstasy
males,0,22220400,males
elmo,0,22220002,elmo
darth,0,33330210,darth
vader,0,22220401,vader
devaiantart,0,22220405,devaiantart
kaiju,0,22220400,kaiju
lots,0,11110000,lots
teeth,0,33330100,teeth
mirrors,0,22220401,mirrors
grim,3,33330015,grim
anato,0,22220400,anato
finnstark,0,22221100,finnstark
am,0,11110000,am
sesame,0,22220003,sesame
despicable,0,22220400,despicable
me,0,11110000,me
minion,0,22220100,minion
horse,0,22220200,horse
titian,0,22220500,titian
late,0,22220001,late
knitted,0,33330100,knitted
without,0,11110000,without
indirect,0,22220400,indirect
friendly,0,22220500,friendly
ed,0,11110002,ed
westwick,0,22220400,westwick
prince,0,22220400,prince
mage,0,22220004,mage
sunfire,0,33330310,sunfire
brave,0,22220100,brave
ahri,0,11110000,ahri
go,0,11110000,go
pro,0,11110000,pro
footage,0,22220400,footage
boston,0,22220500,boston
tea,0,22220004,tea
frog,0,22220005,frog
oleg,0,11110000,oleg
vdovenko,0,22221705,vdovenko
shrek,0,22220100,shrek
llama,0,22220500,llama
spoon,0,22220401,spoon
absurdly,0,11110400,absurdly
graceful,0,22220400,graceful
sensual,2,33330805,sensual
megan,0,22220100,megan
crystals,0,22220600,crystals
linework,0,22220300,linework
octopath,0,22220400,octopath
traveler,0,22220400,traveler
final,0,33330100,final
nightcore,0,22220100,nightcore
davinci,0,22220100,davinci
miracle,0,22220405,miracle
lightshow,0,22220902,lightshow
gridded,0,33330704,gridded
leds,0,22220405,leds
gordon,0,22220300,gordon
ramsey,0,22220401,ramsey
haired,0,33330400,haired
cabin,0,22220400,cabin
powerful,0,22221100,powerful
takehiko,0,33330200,takehiko
inoue,0,22220300,inoue
cloth,0,22220024,cloth
cutest,0,22220000,cutest
polymer,0,22220003,polymer
clay,0,22220400,clay
bokeh,0,22220301,bokeh
new,0,11110000,new
england,0,22220012,england
patriots,0,22220305,patriots
logo,0,22220401,logo
redesigned,0,22220402,redesigned
using,0,33331101,using
canon,0,22220300,canon
horizon,0,22220300,horizon
spirits,0,22220200,spirits
steamy,0,33330350,steamy
breaking,1,33330012,breaking
bad,0,33330012,bad
meme,0,22220405,meme
alodia,0,22220800,alodia
york,0,22220400,york
deco,0,22220030,deco
taken,0,33330505,taken
caricature,0,22221100,caricature
kurdish,0,22220400,kurdish
pubg,3,22220400,pubg
lone,0,22220200,lone
peach,0,22220400,peach
treehouse,0,22220050,treehouse
gel,0,22220005,gel
halle,0,22220405,halle
berry,0,22220005,berry
actual,0,11110000,actual
heidi,0,22220010,heidi
klum,0,22220011,klum
parted,0,33330220,parted
lips,0,22220500,lips
separated,0,22220400,separated
mission,0,22220400,mission
melts,0,33330200,melts
liu,0,11110200,liu
wen,0,11110000,wen
avant,0,22220401,avant
garde,0,22220810,garde
gorilla,0,22220400,gorilla
larry,0,22220301,larry
roof,0,22220400,roof
prius,0,22220400,prius
